Workbook

Sheet Sales_Data
A1: Employee ID | B1: Employee Name | C1: Region | D1: Product ID | E1: Units Sold | F1: Sales Amount | G1: Product Name | H1: price per unit | I1: Total Sales Value | J1: Total Revenue | K1: Actual Regional Sales
A2: E101 | B2: Rahul Mehta | C2: North | D2: P001 | E2: 136.33333 | F2: 45000 | G2: =VLOOKUP(D2,Product_Master!A:D,2,FALSE) -> Laptop | H2: =VLOOKUP(D2,Product_Master!A:D,4,FALSE) -> 3000 | I2: =E2*H2 -> 409000 | J2: =SUM(I2:I11) -> 1000000 | K2: ='Monthly Target'!B2-Sales_Data!I2 -> -259000
A3: E102 | B3: Priya Sharma | C3: South | D3: P002 | E3: 20 | F3: 60000 | G3: =VLOOKUP(D3,Product_Master!A:D,2,FALSE) -> Smartphone | H3: =VLOOKUP(D3,Product_Master!A:D,4,FALSE) -> 3000 | I3: =E3*H3 -> 60000 | J3: =SUM(I3:I12) -> 591000 | K3: ='Monthly Target'!B3-Sales_Data!I3 -> -60000
A4: E103 | B4: Aman Verma | C4: East | D4: P003 | E4: 10 | F4: 35000 | G4: =VLOOKUP(D4,Product_Master!A:D,2,FALSE) -> Headphones | H4: =VLOOKUP(D4,Product_Master!A:D,4,FALSE) -> 3500 | I4: =E4*H4 -> 35000 | J4: =SUM(I4:I13) -> 531000 | K4: ='Monthly Target'!B4-Sales_Data!I4 -> -35000
A5: E104 | B5: Sneha Patel | C5: West | D5: P004 | E5: 25 | F5: 125000 | G5: =VLOOKUP(D5,Product_Master!A:D,2,FALSE) -> Printer | H5: =VLOOKUP(D5,Product_Master!A:D,4,FALSE) -> 5000 | I5: =E5*H5 -> 125000 | J5: =SUM(I5:I14) -> 496000 | K5: ='Monthly Target'!B5-Sales_Data!I5 -> -125000
A6: E105 | B6: Rohan Gupta | C6: North | D6: P005 | E6: 12 | F6: 48000 | G6: =VLOOKUP(D6,Product_Master!A:D,2,FALSE) -> Monitor | H6: =VLOOKUP(D6,Product_Master!A:D,4,FALSE) -> 4000 | I6: =E6*H6 -> 48000 | J6: =SUM(I6:I15) -> 371000 | K6: ='Monthly Target'!B6-Sales_Data!I6 -> -48000
A7: E106 | B7: Meena Iyer | C7: East | D7: P002 | E7: 18 | F7: 54000 | G7: =VLOOKUP(D7,Product_Master!A:D,2,FALSE) -> Smartphone | H7: =VLOOKUP(D7,Product_Master!A:D,4,FALSE) -> 3000 | I7: =E7*H7 -> 54000 | J7: =SUM(I7:I16) -> 323000 | K7: ='Monthly Target'!B7-Sales_Data!I7 -> -54000
A8: E107 | B8: Deepak Rao | C8: South | D8: P003 | E8: 22 | F8: 77000 | G8: =VLOOKUP(D8,Product_Master!A:D,2,FALSE) -> Headphones | H8: =VLOOKUP(D8,Product_Master!A:D,4,FALSE) -> 3500 | I8: =E8*H8 -> 77000 | J8: =SUM(I8:I17) -> 269000 | K8: ='Monthly Target'!B8-Sales_Data!I8 -> -77000
A9: E108 | B9: Kavita Das | C9: West | D9: P001 | E9: 30 | F9: 90000 | G9: =VLOOKUP(D9,Product_Master!A:D,2,FALSE) -> Laptop | H9: =VLOOKUP(D9,Product_Master!A:D,4,FALSE) -> 3000 | I9: =E9*H9 -> 90000 | J9: =SUM(I9:I18) -> 192000 | K9: ='Monthly Target'!B9-Sales_Data!I9 -> -90000
A10: E109 | B10: Ajay Nair | C10: North | D10: P004 | E10: 14 | F10: 70000 | G10: =VLOOKUP(D10,Product_Master!A:D,2,FALSE) -> Printer | H10: =VLOOKUP(D10,Product_Master!A:D,4,FALSE) -> 5000 | I10: =E10*H10 -> 70000 | J10: =SUM(I10:I19) -> 102000 | K10: ='Monthly Target'!B10-Sales_Data!I10 -> -70000
A11: E110 | B11: Neha Kulkarni | C11: East | D11: P005 | E11: 8 | F11: 32000 | G11: =VLOOKUP(D11,Product_Master!A:D,2,FALSE) -> Monitor | H11: =VLOOKUP(D11,Product_Master!A:D,4,FALSE) -> 4000 | I11: =E11*H11 -> 32000 | J11: =SUM(I11:I20) -> 32000 | K11: ='Monthly Target'!B11-Sales_Data!I11 -> -32000

Sheet Product_Master
A1: Product ID | B1: Product Name | C1: Category | D1: Price per Unit
A2: P001 | B2: Laptop | C2: Electronics | D2: 3000
A3: P002 | B3: Smartphone | C3: Electronics | D3: 3000
A4: P003 | B4: Headphones | C4: Accessories | D4: 3500
A5: P004 | B5: Printer | C5: Office Supplies | D5: 5000
A6: P005 | B6: Monitor | C6: Electronics | D6: 4000

Sheet Monthly Target
A1: Region | B1: North | C1: South | D1: East | E1: West
A2: Target Sales | B2: 150000 | C2: 140000 | D2: 120000 | E2: 160000
